sexe;preusuel;annais;dpt;nombre
1;_PRENOMS_RARES;2000;43;5
1;_PRENOMS_RARES;2001;43;10
1;_PRENOMS_RARES;2002;43;6
1;_PRENOMS_RARES;2003;43;9
1;_PRENOMS_RARES;2004;43;9
1;_PRENOMS_RARES;2005;43;8
1;_PRENOMS_RARES;2006;43;20
1;_PRENOMS_RARES;2007;43;11
1;_PRENOMS_RARES;2008;43;6
1;_PRENOMS_RARES;2009;43;9
1;_PRENOMS_RARES;2010;43;13
1;_PRENOMS_RARES;2011;43;17
1;_PRENOMS_RARES;2012;43;15
1;_PRENOMS_RARES;2013;43;11
1;_PRENOMS_RARES;2014;43;19
1;_PRENOMS_RARES;2015;43;25
1;_PRENOMS_RARES;2016;43;15
1;_PRENOMS_RARES;2017;43;16
1;_PRENOMS_RARES;2018;43;17
1;_PRENOMS_RARES;2019;43;19
1;_PRENOMS_RARES;2020;43;17
1;_PRENOMS_RARES;2021;43;17
1;AARON;2010;43;3
1;AARON;2012;43;3
1;AARON;2013;43;3
1;AARON;2019;43;3
1;AARON;2020;43;3
1;ADAM;2003;43;3
1;ADAM;2011;43;7
1;ADAM;2013;43;4
1;ADAM;2014;43;4
1;ADAM;2019;43;3
1;ADAM;2020;43;3
1;ADAM;2021;43;8
1;ADRIEN;2000;43;9
1;ADRIEN;2001;43;6
1;ADRIEN;2002;43;3
1;ADRIEN;2003;43;10
1;ADRIEN;2004;43;3
1;ADRIEN;2005;43;6
1;ADRIEN;2006;43;4
1;ADRIEN;2008;43;7
1;ADRIEN;2011;43;3
1;ADRIEN;2012;43;3
1;ADRIEN;2013;43;4
1;ADRIEN;2016;43;4
1;ADRIEN;2018;43;6
1;ALAN;2002;43;4
1;ALBAN;2000;43;4
1;ALBAN;2004;43;3
1;ALBAN;2005;43;4
1;ALBAN;2006;43;3
1;ALBAN;2007;43;4
1;ALBAN;2008;43;3
1;ALBAN;2009;43;3
1;ALBAN;2010;43;3
1;ALBAN;2011;43;3
1;ALBAN;2012;43;3
1;ALBAN;2013;43;3
1;ALBAN;2017;43;4
1;ALBAN;2018;43;3
1;ALBAN;2020;43;3
1;ALBIN;2015;43;3
1;ALEX;2000;43;3
1;ALEX;2001;43;4
1;ALEX;2003;43;3
1;ALEX;2006;43;3
1;ALEXANDRE;2000;43;5
1;ALEXANDRE;2001;43;13
1;ALEXANDRE;2002;43;3
1;ALEXANDRE;2003;43;6
1;ALEXANDRE;2004;43;4
1;ALEXANDRE;2005;43;3
1;ALEXANDRE;2008;43;6
1;ALEXANDRE;2009;43;4
1;ALEXANDRE;2010;43;3
1;ALEXANDRE;2011;43;5
1;ALEXANDRE;2014;43;3
1;ALEXIS;2000;43;13
1;ALEXIS;2001;43;7
1;ALEXIS;2002;43;8
1;ALEXIS;2003;43;10
1;ALEXIS;2004;43;10
1;ALEXIS;2005;43;9
1;ALEXIS;2006;43;11
1;ALEXIS;2007;43;4
1;ALEXIS;2008;43;7
1;ALEXIS;2011;43;7
1;ALEXIS;2012;43;7
1;ALEXIS;2013;43;4
1;ALEXIS;2015;43;3
1;ALEXIS;2016;43;4
1;ALEXIS;2017;43;3
1;ALEXY;2011;43;3
1;ALLAN;2004;43;3
1;ALOÏS;2021;43;5
1;AMAURY;2007;43;3
1;AMAURY;2015;43;5
1;AMINE;2006;43;3
1;ANTHONY;2000;43;8
1;ANTHONY;2001;43;6
1;ANTHONY;2002;43;8
1;ANTHONY;2003;43;9
1;ANTHONY;2005;43;5
1;ANTHONY;2007;43;7
1;ANTHONY;2008;43;5
1;ANTOINE;2000;43;14
1;ANTOINE;2001;43;8
1;ANTOINE;2002;43;11
1;ANTOINE;2003;43;8
1;ANTOINE;2004;43;8
1;ANTOINE;2005;43;7
1;ANTOINE;2006;43;3
1;ANTOINE;2007;43;5
1;ANTOINE;2008;43;6
1;ANTOINE;2009;43;5
1;ANTOINE;2010;43;7
1;ANTOINE;2011;43;3
1;ANTOINE;2013;43;5
1;ANTOINE;2014;43;4
1;ANTOINE;2015;43;4
1;ANTOINE;2016;43;5
1;ANTOINE;2017;43;5
1;ANTOINE;2018;43;4
1;ANTOINE;2019;43;10
1;ANTOINE;2021;43;6
1;ANTONIN;2002;43;3
1;ANTONIN;2009;43;5
1;ANTONIN;2014;43;3
1;ANTONIN;2015;43;3
1;ANTONIN;2017;43;3
1;ANTONIN;2019;43;5
1;ANTONIN;2021;43;6
1;ARMAND;2014;43;3
1;ARSENE;2012;43;3
1;ARSÈNE;2015;43;3
1;ARTHUR;2000;43;12
1;ARTHUR;2001;43;7
1;ARTHUR;2002;43;6
1;ARTHUR;2003;43;3
1;ARTHUR;2004;43;6
1;ARTHUR;2005;43;8
1;ARTHUR;2007;43;8
1;ARTHUR;2008;43;6
1;ARTHUR;2009;43;7
1;ARTHUR;2010;43;7
1;ARTHUR;2011;43;5
1;ARTHUR;2012;43;6
1;ARTHUR;2013;43;5
1;ARTHUR;2014;43;3
1;ARTHUR;2015;43;4
1;ARTHUR;2016;43;7
1;ARTHUR;2017;43;5
1;ARTHUR;2018;43;3
1;ARTHUR;2019;43;6
1;ARTHUR;2020;43;4
1;ARTHUR;2021;43;7
1;AUBIN;2010;43;3
1;AUBIN;2011;43;3
1;AUBIN;2019;43;4
1;AUGUSTIN;2007;43;3
1;AUGUSTIN;2012;43;3
1;AUGUSTIN;2015;43;3
1;AUGUSTIN;2019;43;4
1;AUGUSTIN;2021;43;4
1;AURÉLIEN;2000;43;3
1;AURÉLIEN;2002;43;3
1;AURÉLIEN;2003;43;3
1;AXEL;2000;43;4
1;AXEL;2001;43;3
1;AXEL;2003;43;6
1;AXEL;2004;43;9
1;AXEL;2005;43;6
1;AXEL;2006;43;3
1;AXEL;2007;43;4
1;AXEL;2008;43;4
1;AXEL;2010;43;4
1;AXEL;2011;43;3
1;AXEL;2012;43;4
1;AXEL;2013;43;4
1;AXEL;2014;43;4
1;AXEL;2015;43;8
1;AXEL;2017;43;8
1;AXEL;2018;43;9
1;AXEL;2019;43;4
1;AXEL;2020;43;4
1;AYMERIC;2001;43;4
1;BAPTISTE;2000;43;11
1;BAPTISTE;2001;43;6
1;BAPTISTE;2003;43;9
1;BAPTISTE;2004;43;8
1;BAPTISTE;2005;43;8
1;BAPTISTE;2006;43;9
1;BAPTISTE;2007;43;5
1;BAPTISTE;2008;43;4
1;BAPTISTE;2009;43;4
1;BAPTISTE;2010;43;3
1;BAPTISTE;2011;43;7
1;BAPTISTE;2012;43;7
1;BAPTISTE;2013;43;8
1;BAPTISTE;2014;43;5
1;BAPTISTE;2015;43;8
1;BAPTISTE;2016;43;5
1;BAPTISTE;2018;43;7
1;BAPTISTE;2019;43;4
1;BAPTISTE;2020;43;7
1;BASILE;2011;43;3
1;BASTIEN;2000;43;5
1;BASTIEN;2001;43;6
1;BASTIEN;2002;43;8
1;BASTIEN;2004;43;4
1;BASTIEN;2006;43;3
1;BASTIEN;2008;43;3
1;BASTIEN;2010;43;3
1;BASTIEN;2011;43;3
1;BASTIEN;2012;43;6
1;BASTIEN;2015;43;5
1;BASTIEN;2017;43;4
1;BENJAMIN;2000;43;5
1;BENJAMIN;2001;43;10
1;BENJAMIN;2002;43;6
1;BENJAMIN;2003;43;6
1;BENJAMIN;2004;43;3
1;BENJAMIN;2005;43;3
1;BENJAMIN;2006;43;3
1;BENJAMIN;2007;43;4
1;BENJAMIN;2009;43;7
1;BENJAMIN;2016;43;4
1;BENOÎT;2000;43;4
1;BENOÎT;2001;43;3
1;BENOÎT;2002;43;4
1;BENOÎT;2009;43;3
1;BILAL;2007;43;3
1;CAMILLE;2009;43;5
1;CAMILLE;2019;43;3
1;CAMILLE;2021;43;4
1;CELIAN;2008;43;3
1;CELIAN;2010;43;3
1;CELIAN;2011;43;4
1;CHARLES;2003;43;3
1;CHARLES;2017;43;4
1;CHARLY;2018;43;3
1;CHARLY;2021;43;7
1;CLEMENT;2010;43;3
1;CLEMENT;2011;43;7
1;CLEMENT;2012;43;3
1;CLÉMENT;2000;43;15
1;CLÉMENT;2001;43;16
1;CLÉMENT;2002;43;9
1;CLÉMENT;2003;43;7
1;CLÉMENT;2004;43;12
1;CLÉMENT;2005;43;6
1;CLÉMENT;2006;43;9
1;CLÉMENT;2007;43;5
1;CLÉMENT;2008;43;4
1;CLÉMENT;2009;43;7
1;CLÉMENT;2013;43;7
1;CLÉMENT;2014;43;4
1;CLÉMENT;2015;43;5
1;CLÉMENT;2017;43;6
1;CLÉMENT;2018;43;4
1;CLÉMENT;2019;43;4
1;CLÉMENT;2020;43;3
1;CÔME;2020;43;4
1;CORENTIN;2000;43;7
1;CORENTIN;2001;43;5
1;CORENTIN;2002;43;5
1;CORENTIN;2004;43;5
1;CORENTIN;2005;43;6
1;CORENTIN;2008;43;4
1;CORENTIN;2009;43;7
1;CORENTIN;2012;43;3
1;CORENTIN;2015;43;3
1;CORENTIN;2019;43;3
1;CYPRIEN;2005;43;3
1;DAMIEN;2000;43;4
1;DAMIEN;2001;43;3
1;DAMIEN;2002;43;4
1;DAMIEN;2004;43;3
1;DAMIEN;2007;43;3
1;DAVID;2001;43;3
1;DIEGO;2011;43;4
1;DIÉGO;2017;43;3
1;DIMITRI;2001;43;4
1;DIMITRI;2002;43;5
1;DIMITRI;2008;43;3
1;DIMITRI;2013;43;5
1;DORIAN;2000;43;7
1;DORIAN;2001;43;4
1;DORIAN;2002;43;7
1;DORIAN;2003;43;4
1;DORIAN;2004;43;5
1;DORIAN;2005;43;6
1;DORIAN;2006;43;4
1;DORIAN;2008;43;4
1;DORIAN;2010;43;5
1;DORIAN;2015;43;4
1;DORIAN;2016;43;4
1;DYLAN;2000;43;9
1;DYLAN;2001;43;6
1;DYLAN;2002;43;6
1;DYLAN;2003;43;8
1;DYLAN;2004;43;3
1;DYLAN;2005;43;3
1;DYLAN;2009;43;4
1;DYLAN;2011;43;4
1;EDDY;2005;43;3
1;EDEN;2011;43;3
1;EDEN;2012;43;3
1;EDEN;2015;43;5
1;EDEN;2016;43;3
1;EDEN;2017;43;4
1;EDEN;2018;43;3
1;EDEN;2020;43;3
1;EDEN;2021;43;4
1;ELIE;2011;43;3
1;ELIE;2015;43;4
1;ELIE;2017;43;3
1;ELIO;2009;43;3
1;ELIO;2012;43;4
1;ELIO;2016;43;4
1;ELIO;2018;43;4
1;ELIOT;2008;43;3
1;ELIOT;2009;43;3
1;ELIOT;2013;43;3
1;ELIOT;2014;43;3
1;ELIOTT;2009;43;3
1;ELIOTT;2012;43;3
1;ELIOTT;2013;43;3
1;ELIOTT;2015;43;3
1;ELIOTT;2020;43;5
1;EMILE;2012;43;4
1;EMILE;2015;43;3
1;ÉMILE;2021;43;3
1;EMILIEN;2002;43;4
1;EMILIEN;2005;43;3
1;EMILIEN;2006;43;3
1;ENES;2013;43;3
1;ENZO;2000;43;4
1;ENZO;2001;43;8
1;ENZO;2002;43;13
1;ENZO;2003;43;8
1;ENZO;2004;43;19
1;ENZO;2005;43;16
1;ENZO;2006;43;11
1;ENZO;2007;43;12
1;ENZO;2008;43;12
1;ENZO;2009;43;13
1;ENZO;2010;43;11
1;ENZO;2011;43;17
1;ENZO;2012;43;13
1;ENZO;2013;43;9
1;ENZO;2014;43;10
1;ENZO;2015;43;12
1;ENZO;2016;43;7
1;ENZO;2017;43;11
1;ENZO;2018;43;3
1;ENZO;2019;43;8
1;ENZO;2020;43;5
1;ENZO;2021;43;3
1;ERWAN;2002;43;6
1;ERWAN;2003;43;3
1;ERWAN;2004;43;4
1;ERWAN;2005;43;3
1;ERWAN;2007;43;3
1;ERWAN;2019;43;3
1;ESTEBAN;2002;43;4
1;ESTEBAN;2005;43;3
1;ESTEBAN;2006;43;3
1;ESTEBAN;2008;43;3
1;ESTEBAN;2011;43;6
1;ESTEBAN;2015;43;3
1;ESTEBAN;2016;43;3
1;ETHAN;2005;43;3
1;ETHAN;2007;43;4
1;ETHAN;2008;43;7
1;ETHAN;2009;43;13
1;ETHAN;2010;43;9
1;ETHAN;2011;43;5
1;ETHAN;2012;43;4
1;ETHAN;2013;43;11
1;ETHAN;2014;43;7
1;ETHAN;2015;43;9
1;ETHAN;2017;43;6
1;ETHAN;2018;43;3
1;ETHAN;2020;43;6
1;ETHAN;2021;43;5
1;ETIENNE;2004;43;4
1;ETIENNE;2008;43;3
1;EVAN;2003;43;3
1;EVAN;2004;43;5
1;EVAN;2005;43;4
1;EVAN;2006;43;7
1;EVAN;2007;43;3
1;EVAN;2008;43;5
1;EVAN;2009;43;10
1;EVAN;2010;43;9
1;EVAN;2011;43;8
1;EVAN;2012;43;7
1;EVAN;2013;43;7
1;EVAN;2014;43;7
1;EVAN;2015;43;3
1;EVAN;2016;43;3
1;EVAN;2017;43;6
1;EVAN;2018;43;6
1;FABIEN;2001;43;4
1;FÉLIX;2008;43;3
1;FLAVIEN;2004;43;4
1;FLAVIEN;2006;43;3
1;FLAVIEN;2008;43;3
1;FLORIAN;2000;43;13
1;FLORIAN;2001;43;4
1;FLORIAN;2002;43;6
1;FLORIAN;2003;43;6
1;FLORIAN;2004;43;6
1;FLORIAN;2006;43;4
1;FLORIAN;2007;43;4
1;FLORIAN;2008;43;3
1;FLORIAN;2010;43;4
1;GABIN;2002;43;4
1;GABIN;2003;43;8
1;GABIN;2005;43;7
1;GABIN;2006;43;4
1;GABIN;2007;43;9
1;GABIN;2008;43;10
1;GABIN;2009;43;4
1;GABIN;2010;43;5
1;GABIN;2011;43;9
1;GABIN;2012;43;6
1;GABIN;2013;43;7
1;GABIN;2014;43;7
1;GABIN;2016;43;9
1;GABIN;2017;43;5
1;GABIN;2018;43;6
1;GABIN;2019;43;4
1;GABIN;2020;43;9
1;GABIN;2021;43;9
1;GABRIEL;2004;43;4
1;GABRIEL;2005;43;4
1;GABRIEL;2006;43;4
1;GABRIEL;2007;43;4
1;GABRIEL;2008;43;7
1;GABRIEL;2009;43;9
1;GABRIEL;2010;43;3
1;GABRIEL;2011;43;4
1;GABRIEL;2012;43;7
1;GABRIEL;2013;43;4
1;GABRIEL;2014;43;8
1;GABRIEL;2015;43;4
1;GABRIEL;2016;43;7
1;GABRIEL;2017;43;7
1;GABRIEL;2018;43;6
1;GABRIEL;2019;43;5
1;GABRIEL;2020;43;4
1;GAEL;2009;43;3
1;GAËTAN;2000;43;5
1;GAËTAN;2001;43;5
1;GAËTAN;2002;43;4
1;GAËTAN;2004;43;4
1;GARY;2011;43;3
1;GASPARD;2001;43;3
1;GASPARD;2005;43;3
1;GASPARD;2010;43;3
1;GASPARD;2011;43;3
1;GASPARD;2016;43;3
1;GASPARD;2018;43;3
1;GASPARD;2020;43;4
1;GREGORY;2000;43;3
1;GUILLAUME;2000;43;5
1;GUILLAUME;2001;43;3
1;GUILLAUME;2006;43;3
1;GUILLAUME;2007;43;3
1;GUILLAUME;2008;43;5
1;HUGO;2000;43;14
1;HUGO;2001;43;9
1;HUGO;2002;43;14
1;HUGO;2003;43;9
1;HUGO;2004;43;8
1;HUGO;2005;43;7
1;HUGO;2006;43;6
1;HUGO;2007;43;7
1;HUGO;2008;43;6
1;HUGO;2009;43;5
1;HUGO;2010;43;6
1;HUGO;2011;43;9
1;HUGO;2012;43;8
1;HUGO;2013;43;6
1;HUGO;2014;43;13
1;HUGO;2015;43;9
1;HUGO;2016;43;14
1;HUGO;2017;43;8
1;HUGO;2018;43;4
1;HUGO;2019;43;4
1;HUGO;2020;43;9
1;ILAN;2007;43;4
1;ILAN;2008;43;7
1;ILAN;2012;43;3
1;ILAN;2014;43;3
1;IMRAN;2015;43;3
1;JEAN;2004;43;3
1;JEAN;2006;43;3
1;JEAN;2008;43;4
1;JEAN;2019;43;3
1;JEAN;2021;43;4
1;JEREMY;2000;43;8
1;JEREMY;2001;43;7
1;JEREMY;2003;43;4
1;JEREMY;2004;43;7
1;JIMMY;2002;43;4
1;JOAN;2007;43;3
1;JOHAN;2002;43;3
1;JOHAN;2005;43;4
1;JOHAN;2007;43;4
1;JOHAN;2010;43;5
1;JOHAN;2011;43;4
1;JOHAN;2012;43;3
1;JOHAN;2013;43;3
1;JOHAN;2015;43;3
1;JOHAN;2016;43;6
1;JONATHAN;2001;43;3
1;JORDAN;2000;43;5
1;JORDAN;2002;43;8
1;JORDAN;2003;43;5
1;JORDAN;2004;43;6
1;JORDAN;2005;43;3
1;JORDAN;2006;43;3
1;JORDAN;2012;43;3
1;JORIS;2001;43;5
1;JORIS;2003;43;5
1;JORIS;2005;43;3
1;JORIS;2007;43;3
1;JOSEPH;2015;43;3
1;JOSEPH;2020;43;3
1;JULES;2000;43;5
1;JULES;2001;43;6
1;JULES;2002;43;3
1;JULES;2004;43;4
1;JULES;2005;43;9
1;JULES;2006;43;9
1;JULES;2007;43;10
1;JULES;2008;43;8
1;JULES;2009;43;4
1;JULES;2010;43;8
1;JULES;2011;43;11
1;JULES;2012;43;10
1;JULES;2013;43;12
1;JULES;2014;43;9
1;JULES;2015;43;11
1;JULES;2016;43;8
1;JULES;2017;43;11
1;JULES;2018;43;6
1;JULES;2019;43;8
1;JULES;2020;43;6
1;JULES;2021;43;9
1;JULIAN;2003;43;3
1;JULIAN;2017;43;3
1;JULIAN;2020;43;3
1;JULIEN;2000;43;7
1;JULIEN;2001;43;3
1;JULIEN;2002;43;3
1;JULIEN;2003;43;3
1;JULIEN;2004;43;5
1;JULIEN;2005;43;3
1;JULIEN;2007;43;4
1;JUSTIN;2003;43;3
1;JUSTIN;2007;43;3
1;JUSTIN;2010;43;3
1;JUSTIN;2015;43;3
1;KAÏS;2015;43;3
1;KAÏS;2016;43;3
1;KEVIN;2000;43;10
1;KEVIN;2001;43;7
1;KEVIN;2002;43;4
1;KEVIN;2003;43;5
1;KEVIN;2004;43;7
1;KEVIN;2005;43;5
1;KEVIN;2006;43;7
1;KEVIN;2008;43;5
1;KILIAN;2006;43;3
1;KILIAN;2008;43;3
1;KILLIAN;2000;43;3
1;KILLIAN;2001;43;5
1;KILLIAN;2003;43;6
1;KILLIAN;2004;43;3
1;KILLIAN;2005;43;4
1;KILLIAN;2008;43;3
1;KYLIAN;2002;43;3
1;KYLIAN;2003;43;5
1;KYLIAN;2004;43;3
1;KYLIAN;2005;43;4
1;KYLIAN;2007;43;6
1;KYLIAN;2010;43;3
1;KYLIAN;2011;43;4
1;KYLIAN;2012;43;4
1;KYLIAN;2013;43;4
1;KYLIAN;2017;43;3
1;KYLIAN;2020;43;3
1;LÉANDRE;2014;43;5
1;LÉANDRE;2015;43;3
1;LÉANDRE;2016;43;3
1;LÉANDRE;2021;43;3
1;LENNY;2003;43;4
1;LENNY;2004;43;3
1;LENNY;2005;43;4
1;LENNY;2008;43;3
1;LENNY;2009;43;5
1;LENNY;2011;43;3
1;LENNY;2012;43;3
1;LENNY;2013;43;3
1;LENNY;2016;43;3
1;LENNY;2018;43;3
1;LENY;2012;43;5
1;LENZO;2013;43;3
1;LENZO;2019;43;3
1;LEO;2010;43;7
1;LEO;2011;43;7
1;LEO;2012;43;10
1;LÉO;2000;43;10
1;LÉO;2001;43;12
1;LÉO;2002;43;10
1;LÉO;2003;43;8
1;LÉO;2004;43;8
1;LÉO;2005;43;7
1;LÉO;2006;43;6
1;LÉO;2007;43;8
1;LÉO;2008;43;10
1;LÉO;2009;43;10
1;LÉO;2013;43;4
1;LÉO;2014;43;7
1;LÉO;2015;43;11
1;LÉO;2016;43;7
1;LÉO;2017;43;14
1;LÉO;2018;43;10
1;LÉO;2019;43;7
1;LÉO;2020;43;10
1;LÉO;2021;43;11
1;LÉON;2013;43;4
1;LÉON;2018;43;8
1;LIAM;2012;43;5
1;LIAM;2013;43;4
1;LIAM;2015;43;7
1;LIAM;2016;43;3
1;LIAM;2017;43;3
1;LIAM;2019;43;3
1;LIAM;2020;43;4
1;LIAM;2021;43;3
1;LILIAN;2000;43;5
1;LILIAN;2002;43;3
1;LILIAN;2006;43;4
1;LILIAN;2007;43;4
1;LILIAN;2009;43;4
1;LILIAN;2013;43;3
1;LIVIO;2018;43;3
1;LIVIO;2019;43;4
1;LIVIO;2020;43;3
1;LIVIO;2021;43;3
1;LOAN;2008;43;4
1;LOAN;2012;43;5
1;LOAN;2014;43;5
1;LOGAN;2014;43;3
1;LOÏC;2000;43;3
1;LOÏC;2001;43;9
1;LOÏC;2002;43;9
1;LOÏC;2003;43;4
1;LOÏC;2007;43;4
1;LOÏS;2002;43;3
1;LOÏS;2007;43;6
1;LOÏS;2015;43;4
1;LORENZO;2007;43;4
1;LORENZO;2009;43;5
1;LORENZO;2011;43;3
1;LORENZO;2019;43;3
1;LORIS;2010;43;4
1;LORIS;2012;43;5
1;LORIS;2014;43;3
1;LORIS;2015;43;4
1;LOUIS;2000;43;11
1;LOUIS;2001;43;12
1;LOUIS;2002;43;4
1;LOUIS;2003;43;7
1;LOUIS;2004;43;9
1;LOUIS;2005;43;7
1;LOUIS;2006;43;7
1;LOUIS;2007;43;6
1;LOUIS;2008;43;6
1;LOUIS;2009;43;9
1;LOUIS;2010;43;6
1;LOUIS;2011;43;15
1;LOUIS;2012;43;9
1;LOUIS;2013;43;12
1;LOUIS;2015;43;8
1;LOUIS;2016;43;4
1;LOUIS;2017;43;8
1;LOUIS;2018;43;9
1;LOUIS;2019;43;6
1;LOUIS;2020;43;10
1;LOUIS;2021;43;7
1;LOUISON;2016;43;3
1;LOUKA;2013;43;4
1;LOUKA;2015;43;3
1;LOUKA;2017;43;3
1;LUCAS;2000;43;15
1;LUCAS;2001;43;13
1;LUCAS;2002;43;13
1;LUCAS;2003;43;13
1;LUCAS;2004;43;6
1;LUCAS;2005;43;14
1;LUCAS;2006;43;11
1;LUCAS;2007;43;11
1;LUCAS;2008;43;21
1;LUCAS;2009;43;15
1;LUCAS;2010;43;6
1;LUCAS;2011;43;12
1;LUCAS;2012;43;5
1;LUCAS;2013;43;11
1;LUCAS;2014;43;11
1;LUCAS;2015;43;8
1;LUCAS;2016;43;6
1;LUCAS;2017;43;7
1;LUCAS;2018;43;9
1;LUCAS;2019;43;4
1;LUCAS;2020;43;3
1;LUCAS;2021;43;3
1;LUCIEN;2015;43;3
1;LYAM;2018;43;3
1;MAE;2011;43;3
1;MAÉ;2014;43;3
1;MAÉ;2020;43;3
1;MAEL;2006;43;7
1;MAEL;2008;43;4
1;MAEL;2009;43;6
1;MAEL;2010;43;4
1;MAEL;2011;43;4
1;MAEL;2012;43;5
1;MAËL;2013;43;5
1;MAËL;2014;43;8
1;MAËL;2015;43;8
1;MAËL;2016;43;7
1;MAËL;2018;43;7
1;MAËL;2019;43;7
1;MAËL;2020;43;6
1;MAHÉ;2014;43;4
1;MAHÉ;2017;43;3
1;MALO;2012;43;5
1;MALO;2014;43;3
1;MALO;2016;43;3
1;MALO;2017;43;4
1;MALONE;2014;43;4
1;MALONE;2019;43;3
1;MARCEAU;2011;43;3
1;MARCEAU;2016;43;4
1;MARCEAU;2018;43;4
1;MARCEAU;2019;43;4
1;MARCEAU;2020;43;5
1;MARCEAU;2021;43;4
1;MARIN;2019;43;3
1;MARIN;2021;43;6
1;MARIUS;2003;43;4
1;MARIUS;2010;43;3
1;MARIUS;2013;43;4
1;MARIUS;2016;43;3
1;MARIUS;2017;43;6
1;MARIUS;2018;43;4
1;MARIUS;2019;43;4
1;MARIUS;2020;43;3
1;MARIUS;2021;43;4
1;MARLEY;2015;43;5
1;MARTIN;2002;43;4
1;MARTIN;2007;43;3
1;MARTIN;2008;43;3
1;MARTIN;2009;43;3
1;MARTIN;2013;43;3
1;MARTIN;2015;43;3
1;MARTIN;2018;43;3
1;MARTIN;2020;43;4
1;MATEO;2012;43;4
1;MATÉO;2000;43;4
1;MATÉO;2002;43;4
1;MATÉO;2004;43;3
1;MATÉO;2006;43;4
1;MATÉO;2009;43;5
1;MATHEO;2010;43;4
1;MATHEO;2012;43;12
1;MATHÉO;2002;43;4
1;MATHÉO;2003;43;5
1;MATHÉO;2004;43;5
1;MATHÉO;2005;43;6
1;MATHÉO;2006;43;4
1;MATHÉO;2007;43;9
1;MATHÉO;2008;43;9
1;MATHÉO;2009;43;6
1;MATHÉO;2010;43;3
1;MATHÉO;2013;43;7
1;MATHÉO;2014;43;7
1;MATHÉO;2015;43;5
1;MATHÉO;2017;43;4
1;MATHÉO;2018;43;4
1;MATHÉO;2019;43;3
1;MATHÉO;2021;43;3
1;MATHIAS;2005;43;3
1;MATHIAS;2006;43;8
1;MATHIAS;2008;43;5
1;MATHIAS;2009;43;7
1;MATHIAS;2011;43;3
1;MATHIAS;2017;43;4
1;MATHIEU;2000;43;7
1;MATHIEU;2001;43;4
1;MATHIEU;2002;43;5
1;MATHIEU;2004;43;6
1;MATHIEU;2005;43;3
1;MATHIEU;2007;43;3
1;MATHIEU;2008;43;3
1;MATHIEU;2009;43;3
1;MATHIEU;2013;43;3
1;MATHIS;2000;43;8
1;MATHIS;2001;43;10
1;MATHIS;2002;43;13
1;MATHIS;2003;43;15
1;MATHIS;2004;43;15
1;MATHIS;2005;43;19
1;MATHIS;2006;43;11
1;MATHIS;2007;43;11
1;MATHIS;2008;43;12
1;MATHIS;2009;43;9
1;MATHIS;2010;43;14
1;MATHIS;2011;43;8
1;MATHIS;2012;43;7
1;MATHIS;2013;43;5
1;MATHIS;2014;43;4
1;MATHIS;2015;43;6
1;MATHIS;2017;43;11
1;MATHIS;2018;43;6
1;MATHIS;2019;43;8
1;MATHIS;2020;43;8
1;MATHYS;2003;43;3
1;MATHYS;2004;43;3
1;MATHYS;2005;43;5
1;MATHYS;2006;43;6
1;MATHYS;2007;43;4
1;MATHYS;2013;43;3
1;MATHYS;2014;43;3
1;MATHYS;2015;43;3
1;MATTEO;2010;43;3
1;MATTÉO;2003;43;8
1;MATTÉO;2004;43;5
1;MATTÉO;2005;43;5
1;MATTÉO;2006;43;4
1;MATTÉO;2007;43;4
1;MATTÉO;2008;43;5
1;MATTÉO;2016;43;3
1;MATTÉO;2020;43;3
1;MATTHIAS;2003;43;3
1;MATTHIAS;2004;43;4
1;MATTHIEU;2007;43;3
1;MAXENCE;2002;43;4
1;MAXENCE;2003;43;3
1;MAXENCE;2004;43;7
1;MAXENCE;2007;43;7
1;MAXENCE;2008;43;9
1;MAXENCE;2009;43;4
1;MAXENCE;2010;43;3
1;MAXENCE;2011;43;6
1;MAXENCE;2012;43;3
1;MAXENCE;2013;43;7
1;MAXENCE;2014;43;5
1;MAXENCE;2015;43;5
1;MAXENCE;2016;43;3
1;MAXENCE;2017;43;5
1;MAXENCE;2018;43;5
1;MAXENCE;2020;43;7
1;MAXENCE;2021;43;6
1;MAXIME;2000;43;17
1;MAXIME;2001;43;12
1;MAXIME;2002;43;15
1;MAXIME;2003;43;6
1;MAXIME;2004;43;11
1;MAXIME;2005;43;9
1;MAXIME;2007;43;6
1;MAXIME;2008;43;6
1;MAXIME;2009;43;3
1;MAXIME;2010;43;5
1;MAXIME;2011;43;4
1;MAXIME;2013;43;4
1;MAXIME;2014;43;5
1;MEHDI;2001;43;3
1;MEHDI;2004;43;4
1;MEHDI;2006;43;3
1;MEHDI;2009;43;3
1;MELVIN;2007;43;4
1;MELVIN;2013;43;3
1;MICKAEL;2000;43;5
1;MICKAEL;2005;43;4
1;MILAN;2016;43;3
1;MILO;2008;43;4
1;MILO;2015;43;4
1;MILO;2016;43;4
1;MILO;2017;43;3
1;MILO;2019;43;4
1;MILO;2021;43;6
1;MOHAMED;2011;43;3
1;MOHAMED;2013;43;3
1;MOHAMED;2014;43;3
1;MOHAMED;2018;43;5
1;MORGAN;2009;43;3
1;MORGAN;2011;43;3
1;NABIL;2001;43;3
1;NADIR;2006;43;3
1;NAEL;2012;43;4
1;NAËL;2013;43;3
1;NAËL;2018;43;3
1;NAËL;2019;43;4
1;NAËL;2021;43;5
1;NATHAN;2000;43;11
1;NATHAN;2001;43;12
1;NATHAN;2002;43;5
1;NATHAN;2003;43;7
1;NATHAN;2004;43;11
1;NATHAN;2005;43;12
1;NATHAN;2006;43;17
1;NATHAN;2007;43;12
1;NATHAN;2008;43;14
1;NATHAN;2009;43;17
1;NATHAN;2010;43;14
1;NATHAN;2011;43;8
1;NATHAN;2012;43;19
1;NATHAN;2013;43;9
1;NATHAN;2014;43;9
1;NATHAN;2015;43;12
1;NATHAN;2016;43;6
1;NATHAN;2017;43;7
1;NATHAN;2018;43;7
1;NATHAN;2019;43;6
1;NATHAN;2020;43;3
1;NATHAN;2021;43;5
1;NICOLAS;2000;43;7
1;NICOLAS;2001;43;4
1;NICOLAS;2002;43;6
1;NICOLAS;2003;43;5
1;NICOLAS;2005;43;4
1;NICOLAS;2006;43;3
1;NICOLAS;2007;43;3
1;NINO;2008;43;4
1;NINO;2010;43;3
1;NINO;2011;43;4
1;NINO;2012;43;5
1;NINO;2013;43;5
1;NINO;2014;43;4
1;NINO;2015;43;4
1;NINO;2016;43;3
1;NINO;2017;43;3
1;NINO;2018;43;5
1;NINO;2019;43;6
1;NINO;2020;43;6
1;NINO;2021;43;4
1;NOA;2005;43;3
1;NOA;2006;43;6
1;NOA;2007;43;7
1;NOA;2009;43;7
1;NOA;2010;43;5
1;NOA;2011;43;4
1;NOA;2012;43;7
1;NOA;2013;43;6
1;NOA;2018;43;4
1;NOAH;2003;43;3
1;NOAH;2004;43;3
1;NOAH;2005;43;7
1;NOAH;2006;43;4
1;NOAH;2007;43;4
1;NOAH;2008;43;6
1;NOAH;2009;43;3
1;NOAH;2010;43;12
1;NOAH;2011;43;9
1;NOAH;2012;43;4
1;NOAH;2013;43;3
1;NOAH;2014;43;6
1;NOAH;2015;43;7
1;NOAH;2017;43;5
1;NOAH;2019;43;3
1;NOAH;2021;43;5
1;NOE;2003;43;6
1;NOE;2005;43;4
1;NOE;2006;43;4
1;NOE;2007;43;4
1;NOE;2008;43;7
1;NOE;2009;43;6
1;NOE;2010;43;8
1;NOE;2011;43;5
1;NOE;2012;43;7
1;NOÉ;2013;43;9
1;NOÉ;2014;43;6
1;NOÉ;2015;43;4
1;NOÉ;2016;43;5
1;NOÉ;2017;43;3
1;NOÉ;2018;43;7
1;NOÉ;2020;43;4
1;NOÉ;2021;43;7
1;NOLAN;2006;43;3
1;NOLAN;2007;43;4
1;NOLAN;2008;43;4
1;NOLAN;2009;43;10
1;NOLAN;2010;43;3
1;NOLAN;2011;43;8
1;NOLAN;2012;43;9
1;NOLAN;2013;43;12
1;NOLAN;2014;43;7
1;NOLAN;2015;43;11
1;NOLAN;2016;43;8
1;NOLAN;2017;43;6
1;NOLAN;2018;43;6
1;NOLAN;2019;43;6
1;NOLAN;2020;43;4
1;NOLAN;2021;43;4
1;NOLANN;2007;43;3
1;NOLHAN;2011;43;4
1;NOLHAN;2016;43;3
1;NOLHAN;2017;43;3
1;OSCAR;2017;43;3
1;PAUL;2000;43;4
1;PAUL;2001;43;3
1;PAUL;2002;43;3
1;PAUL;2004;43;5
1;PAUL;2006;43;3
1;PAUL;2007;43;3
1;PAUL;2009;43;5
1;PAUL;2010;43;5
1;PAUL;2012;43;7
1;PAUL;2015;43;4
1;PAUL;2016;43;4
1;PAUL;2018;43;6
1;PAUL;2019;43;5
1;PAUL;2020;43;5
1;PAUL;2021;43;3
1;PIERRE;2000;43;8
1;PIERRE;2001;43;12
1;PIERRE;2004;43;6
1;PIERRE;2005;43;5
1;PIERRE;2006;43;4
1;PIERRE;2007;43;9
1;PIERRE;2008;43;6
1;PIERRE;2009;43;5
1;PIERRE;2011;43;3
1;PIERRE;2012;43;5
1;PIERRE;2013;43;3
1;QUENTIN;2000;43;7
1;QUENTIN;2001;43;9
1;QUENTIN;2002;43;11
1;QUENTIN;2003;43;7
1;QUENTIN;2004;43;7
1;QUENTIN;2005;43;6
1;QUENTIN;2006;43;9
1;QUENTIN;2007;43;4
1;QUENTIN;2008;43;5
1;QUENTIN;2009;43;5
1;QUENTIN;2010;43;7
1;QUENTIN;2011;43;3
1;QUENTIN;2012;43;5
1;QUENTIN;2014;43;3
1;QUENTIN;2018;43;3
1;RAPHAEL;2010;43;3
1;RAPHAËL;2004;43;4
1;RAPHAËL;2005;43;4
1;RAPHAËL;2006;43;9
1;RAPHAËL;2007;43;4
1;RAPHAËL;2008;43;3
1;RAPHAËL;2009;43;3
1;RAPHAËL;2014;43;3
1;RAPHAËL;2015;43;3
1;RAPHAËL;2018;43;8
1;RAPHAËL;2019;43;3
1;RAPHAËL;2020;43;6
1;RAPHAËL;2021;43;6
1;RAYAN;2001;43;4
1;RAYAN;2009;43;4
1;RAYAN;2011;43;3
1;RAYAN;2014;43;3
1;RAYAN;2015;43;3
1;REMI;2010;43;3
1;RÉMI;2001;43;8
1;RÉMI;2002;43;8
1;RÉMI;2003;43;3
1;RÉMI;2004;43;3
1;RÉMI;2005;43;5
1;RÉMI;2006;43;3
1;RÉMI;2007;43;3
1;RÉMI;2008;43;5
1;RÉMI;2009;43;3
1;RÉMY;2000;43;3
1;RÉMY;2006;43;3
1;ROBIN;2001;43;5
1;ROBIN;2005;43;4
1;ROBIN;2007;43;4
1;ROBIN;2011;43;8
1;ROBIN;2013;43;5
1;ROBIN;2017;43;5
1;ROBIN;2021;43;5
1;ROMAIN;2000;43;8
1;ROMAIN;2001;43;6
1;ROMAIN;2002;43;13
1;ROMAIN;2003;43;3
1;ROMAIN;2004;43;9
1;ROMAIN;2005;43;3
1;ROMAIN;2006;43;6
1;ROMAIN;2008;43;6
1;ROMÉO;2020;43;3
1;RUBEN;2007;43;3
1;RUBEN;2016;43;3
1;SACHA;2005;43;4
1;SACHA;2007;43;4
1;SACHA;2008;43;3
1;SACHA;2009;43;3
1;SACHA;2011;43;3
1;SACHA;2012;43;10
1;SACHA;2013;43;12
1;SACHA;2014;43;3
1;SACHA;2015;43;4
1;SACHA;2016;43;3
1;SACHA;2017;43;6
1;SACHA;2018;43;4
1;SACHA;2019;43;4
1;SACHA;2020;43;4
1;SACHA;2021;43;4
1;SAMUEL;2000;43;3
1;SAMUEL;2001;43;6
1;SAMUEL;2002;43;8
1;SAMUEL;2003;43;5
1;SAMUEL;2004;43;4
1;SAMUEL;2005;43;3
1;SAMUEL;2007;43;5
1;SAMUEL;2008;43;5
1;SAMUEL;2010;43;3
1;SAMUEL;2017;43;4
1;SAMUEL;2020;43;3
1;SIMON;2000;43;4
1;SIMON;2003;43;7
1;SIMON;2004;43;3
1;SIMON;2005;43;6
1;SIMON;2006;43;5
1;SIMON;2008;43;6
1;SIMON;2009;43;4
1;SIMON;2010;43;3
1;SIMON;2011;43;5
1;SIMON;2013;43;3
1;SIMON;2015;43;3
1;SIMON;2016;43;4
1;SIMON;2017;43;3
1;SIMON;2018;43;3
1;SIMON;2020;43;5
1;SIMON;2021;43;4
1;SOAN;2013;43;4
1;SOAN;2015;43;3
1;SOAN;2018;43;4
1;SOAN;2020;43;3
1;SOËN;2019;43;3
1;SOFIANE;2007;43;3
1;SOHAN;2019;43;3
1;SWANN;2010;43;3
1;SYLVAIN;2001;43;3
1;SYLVAIN;2002;43;4
1;TANGUY;2000;43;6
1;TANGUY;2002;43;4
1;TANGUY;2004;43;3
1;THEO;2011;43;8
1;THEO;2012;43;9
1;THÉO;2000;43;12
1;THÉO;2001;43;13
1;THÉO;2002;43;18
1;THÉO;2003;43;13
1;THÉO;2004;43;15
1;THÉO;2005;43;10
1;THÉO;2006;43;11
1;THÉO;2007;43;7
1;THÉO;2008;43;6
1;THÉO;2009;43;6
1;THÉO;2010;43;4
1;THÉO;2013;43;6
1;THÉO;2014;43;16
1;THÉO;2015;43;11
1;THÉO;2016;43;4
1;THÉO;2017;43;6
1;THÉO;2018;43;7
1;THÉO;2019;43;5
1;THÉO;2020;43;3
1;THÉO;2021;43;7
1;THIAGO;2021;43;3
1;THIBAUD;2010;43;3
1;THIBAULT;2000;43;3
1;THIBAULT;2002;43;4
1;THIBAUT;2001;43;4
1;THIBAUT;2002;43;3
1;THIBAUT;2008;43;3
1;THOMAS;2000;43;28
1;THOMAS;2001;43;12
1;THOMAS;2002;43;11
1;THOMAS;2003;43;6
1;THOMAS;2004;43;9
1;THOMAS;2005;43;9
1;THOMAS;2006;43;9
1;THOMAS;2007;43;7
1;THOMAS;2008;43;8
1;THOMAS;2009;43;5
1;THOMAS;2011;43;4
1;THOMAS;2012;43;4
1;THOMAS;2013;43;3
1;THOMAS;2016;43;3
1;TIAGO;2009;43;3
1;TIAGO;2012;43;4
1;TIAGO;2018;43;5
1;TIAGO;2019;43;6
1;TIAGO;2020;43;6
1;TIAGO;2021;43;5
1;TIM;2016;43;3
1;TIMEO;2006;43;3
1;TIMEO;2007;43;3
1;TIMEO;2008;43;4
1;TIMEO;2009;43;6
1;TIMEO;2010;43;6
1;TIMEO;2011;43;5
1;TIMEO;2012;43;15
1;TIMÉO;2013;43;6
1;TIMÉO;2014;43;7
1;TIMÉO;2015;43;10
1;TIMÉO;2016;43;8
1;TIMÉO;2017;43;11
1;TIMÉO;2018;43;6
1;TIMÉO;2019;43;8
1;TIMÉO;2020;43;3
1;TIMÉO;2021;43;4
1;TITOUAN;2008;43;3
1;TITOUAN;2009;43;3
1;TITOUAN;2011;43;4
1;TITOUAN;2015;43;3
1;TOM;2000;43;8
1;TOM;2001;43;3
1;TOM;2002;43;6
1;TOM;2003;43;5
1;TOM;2004;43;10
1;TOM;2005;43;3
1;TOM;2006;43;8
1;TOM;2007;43;5
1;TOM;2008;43;14
1;TOM;2009;43;7
1;TOM;2010;43;10
1;TOM;2011;43;6
1;TOM;2012;43;6
1;TOM;2013;43;3
1;TOM;2014;43;5
1;TOM;2015;43;12
1;TOM;2016;43;9
1;TOM;2017;43;3
1;TOM;2018;43;4
1;TOM;2020;43;4
1;TOM;2021;43;3
1;TONY;2003;43;4
1;TONY;2009;43;3
1;TRISTAN;2001;43;3
1;TRISTAN;2003;43;3
1;TRISTAN;2007;43;4
1;TRISTAN;2009;43;5
1;TRISTAN;2013;43;3
1;TYLIAN;2018;43;3
1;VALENTIN;2000;43;8
1;VALENTIN;2001;43;6
1;VALENTIN;2002;43;5
1;VALENTIN;2003;43;8
1;VALENTIN;2004;43;5
1;VALENTIN;2006;43;4
1;VALENTIN;2010;43;5
1;VALENTIN;2012;43;6
1;VALENTIN;2013;43;6
1;VALENTIN;2014;43;6
1;VALENTIN;2016;43;3
1;VALENTIN;2017;43;7
1;VALENTIN;2018;43;4
1;VALENTIN;2019;43;8
1;VALENTIN;2021;43;3
1;VICTOR;2000;43;4
1;VICTOR;2001;43;5
1;VICTOR;2003;43;4
1;VICTOR;2004;43;3
1;VICTOR;2005;43;4
1;VICTOR;2006;43;6
1;VICTOR;2007;43;5
1;VICTOR;2010;43;3
1;VICTOR;2011;43;3
1;VICTOR;2015;43;3
1;VICTOR;2019;43;3
1;VICTOR;2020;43;3
1;VICTOR;2021;43;5
1;VINCENT;2001;43;6
1;WILLIAM;2000;43;3
1;WILLIAM;2015;43;3
1;XAVIER;2000;43;5
1;YANIS;2001;43;4
1;YANIS;2002;43;4
1;YANIS;2003;43;11
1;YANIS;2004;43;4
1;YANIS;2005;43;5
1;YANIS;2006;43;7
1;YANIS;2007;43;11
1;YANIS;2008;43;5
1;YANIS;2009;43;6
1;YANIS;2010;43;8
1;YANIS;2011;43;8
1;YANIS;2012;43;7
1;YANIS;2015;43;8
1;YANIS;2016;43;4
1;YANIS;2017;43;6
1;YANIS;2019;43;4
1;YANN;2001;43;3
1;YANN;2003;43;4
1;YANN;2004;43;3
1;YANN;2006;43;4
1;YANN;2009;43;4
1;YANN;2014;43;3
1;YOAN;2004;43;3
1;YOANN;2002;43;3
1;ZACHARIE;2018;43;3
2;_PRENOMS_RARES;2000;43;7
2;_PRENOMS_RARES;2001;43;5
2;_PRENOMS_RARES;2002;43;10
2;_PRENOMS_RARES;2003;43;11
2;_PRENOMS_RARES;2004;43;15
2;_PRENOMS_RARES;2005;43;11
2;_PRENOMS_RARES;2006;43;9
2;_PRENOMS_RARES;2007;43;11
2;_PRENOMS_RARES;2008;43;17
2;_PRENOMS_RARES;2009;43;11
2;_PRENOMS_RARES;2010;43;24
2;_PRENOMS_RARES;2011;43;16
2;_PRENOMS_RARES;2012;43;20
2;_PRENOMS_RARES;2013;43;18
2;_PRENOMS_RARES;2014;43;15
2;_PRENOMS_RARES;2015;43;24
2;_PRENOMS_RARES;2016;43;26
2;_PRENOMS_RARES;2017;43;15
2;_PRENOMS_RARES;2018;43;19
2;_PRENOMS_RARES;2019;43;28
2;_PRENOMS_RARES;2020;43;21
2;_PRENOMS_RARES;2021;43;26
2;ADÈLE;2009;43;3
2;ADÈLE;2014;43;3
2;ADÈLE;2015;43;3
2;ADÈLE;2017;43;3
2;ADÈLE;2019;43;3
2;AGATHE;2004;43;4
2;AGATHE;2005;43;3
2;AGATHE;2008;43;3
2;AGATHE;2011;43;4
2;AGATHE;2012;43;3
2;AGATHE;2014;43;5
2;AGATHE;2015;43;5
2;AGATHE;2016;43;4
2;AGATHE;2017;43;3
2;AGATHE;2018;43;4
2;AGATHE;2019;43;4
2;AGATHE;2020;43;3
2;AGATHE;2021;43;8
2;ALBA;2021;43;8
2;ALBANE;2012;43;5
2;ALBANE;2013;43;4
2;ALBANE;2015;43;5
2;ALBANE;2016;43;3
2;ALBANE;2018;43;5
2;ALBANE;2020;43;3
2;ALBANE;2021;43;3
2;ALEXANDRA;2001;43;3
2;ALEXANDRA;2002;43;5
2;ALEXIA;2000;43;3
2;ALEXIA;2002;43;6
2;ALEXIA;2003;43;3
2;ALEXIA;2004;43;3
2;ALEXIA;2006;43;3
2;ALICE;2002;43;3
2;ALICE;2009;43;3
2;ALICE;2010;43;3
2;ALICE;2012;43;3
2;ALICE;2013;43;4
2;ALICE;2014;43;4
2;ALICE;2015;43;5
2;ALICE;2016;43;7
2;ALICE;2017;43;5
2;ALICE;2018;43;3
2;ALICE;2019;43;7
2;ALICE;2020;43;5
2;ALICE;2021;43;3
2;ALICIA;2001;43;6
2;ALICIA;2002;43;3
2;ALICIA;2003;43;3
2;ALICIA;2005;43;6
2;ALICIA;2006;43;4
2;ALICIA;2007;43;3
2;ALICIA;2011;43;3
2;ALICIA;2012;43;5
2;ALICIA;2013;43;4
2;ALICIA;2014;43;3
2;ALICIA;2019;43;3
2;ALICIA;2020;43;5
2;ALIX;2011;43;3
2;ALIX;2015;43;3
2;ALIZÉE;2002;43;4
2;ALIZÉE;2004;43;3
2;ALIZÉE;2006;43;6
2;ALMA;2021;43;3
2;AMANDINE;2000;43;3
2;AMANDINE;2002;43;3
2;AMANDINE;2003;43;6
2;AMANDINE;2004;43;3
2;AMANDINE;2005;43;5
2;AMANDINE;2006;43;3
2;AMBRE;2002;43;5
2;AMBRE;2003;43;3
2;AMBRE;2005;43;6
2;AMBRE;2006;43;5
2;AMBRE;2007;43;3
2;AMBRE;2008;43;3
2;AMBRE;2010;43;4
2;AMBRE;2011;43;4
2;AMBRE;2012;43;3
2;AMBRE;2013;43;4
2;AMBRE;2015;43;4
2;AMBRE;2016;43;4
2;AMBRE;2017;43;3
2;AMBRE;2018;43;6
2;AMBRE;2019;43;7
2;AMBRE;2020;43;4
2;AMBRE;2021;43;6
2;AMÉLIE;2000;43;5
2;AMÉLIE;2002;43;5
2;AMÉLIE;2003;43;4
2;AMÉLIE;2004;43;4
2;AMÉLIE;2005;43;5
2;AMÉLIE;2006;43;4
2;ANAÉ;2019;43;3
2;ANAÉ;2021;43;3
2;ANAELLE;2003;43;3
2;ANAELLE;2006;43;4
2;ANAELLE;2007;43;3
2;ANAELLE;2008;43;3
2;ANAELLE;2009;43;3
2;ANAELLE;2012;43;3
2;ANAËLLE;2019;43;4
2;ANAIS;2010;43;4
2;ANAIS;2011;43;5
2;ANAIS;2012;43;4
2;ANAIS;2013;43;3
2;ANAÏS;2000;43;8
2;ANAÏS;2001;43;9
2;ANAÏS;2002;43;9
2;ANAÏS;2003;43;7
2;ANAÏS;2004;43;8
2;ANAÏS;2005;43;5
2;ANAÏS;2006;43;5
2;ANAÏS;2007;43;7
2;ANAÏS;2008;43;7
2;ANAÏS;2009;43;4
2;ANAÏS;2013;43;5
2;ANAÏS;2014;43;4
2;ANAÏS;2015;43;5
2;ANDRÉA;2002;43;3
2;ANDRÉA;2003;43;4
2;ANDRÉA;2004;43;3
2;ANDRÉA;2006;43;3
2;ANDRÉA;2015;43;4
2;ANGELIQUE;2001;43;3
2;ANNA;2002;43;4
2;ANNA;2003;43;3
2;ANNA;2005;43;5
2;ANNA;2006;43;4
2;ANNA;2007;43;4
2;ANNA;2008;43;6
2;ANNA;2009;43;5
2;ANNA;2011;43;5
2;ANNA;2012;43;3
2;ANNA;2014;43;3
2;ANNA;2015;43;5
2;ANNA;2016;43;7
2;ANNA;2018;43;3
2;ANNA;2019;43;3
2;ANNA;2020;43;4
2;ANNA;2021;43;3
2;ANOUK;2008;43;3
2;APOLLINE;2016;43;3
2;ASSIA;2018;43;3
2;ATHÉNAÏS;2019;43;3
2;AUDREY;2000;43;4
2;AUDREY;2002;43;6
2;AURÉLIE;2003;43;3
2;AURORE;2001;43;3
2;AURORE;2008;43;3
2;AURORE;2013;43;3
2;AVA;2021;43;3
2;AXELLE;2000;43;3
2;AXELLE;2003;43;5
2;AXELLE;2004;43;5
2;AXELLE;2005;43;3
2;AXELLE;2010;43;4
2;AYA;2015;43;4
2;CAMILLE;2000;43;16
2;CAMILLE;2001;43;16
2;CAMILLE;2002;43;5
2;CAMILLE;2003;43;6
2;CAMILLE;2004;43;6
2;CAMILLE;2005;43;12
2;CAMILLE;2006;43;5
2;CAMILLE;2007;43;4
2;CAMILLE;2008;43;5
2;CAMILLE;2009;43;5
2;CAMILLE;2010;43;3
2;CAMILLE;2011;43;4
2;CAMILLE;2012;43;7
2;CAMILLE;2013;43;8
2;CAMILLE;2016;43;8
2;CAMILLE;2017;43;3
2;CAMILLE;2019;43;5
2;CAMILLE;2020;43;4
2;CANDICE;2004;43;4
2;CANDICE;2005;43;4
2;CANDICE;2006;43;4
2;CANDICE;2009;43;7
2;CANDICE;2010;43;4
2;CANDICE;2016;43;4
2;CANDICE;2018;43;4
2;CANDICE;2021;43;3
2;CAPUCINE;2008;43;3
2;CAPUCINE;2013;43;3
2;CAPUCINE;2015;43;3
2;CAPUCINE;2018;43;3
2;CAPUCINE;2021;43;3
2;CARLA;2004;43;4
2;CASSANDRA;2002;43;5
2;CASSANDRA;2008;43;3
2;CASSANDRE;2012;43;3
2;CÉLESTE;2021;43;4
2;CÉLESTINE;2015;43;3
2;CÉLESTINE;2017;43;3
2;CELIA;2012;43;4
2;CÉLIA;2000;43;6
2;CÉLIA;2001;43;7
2;CÉLIA;2002;43;4
2;CÉLIA;2003;43;3
2;CÉLIA;2004;43;8
2;CÉLIA;2006;43;5
2;CÉLIA;2007;43;5
2;CÉLIA;2008;43;5
2;CÉLIA;2009;43;4
2;CÉLIA;2013;43;3
2;CÉLIA;2014;43;4
2;CÉLIA;2015;43;4
2;CÉLIA;2017;43;3
2;CÉLIA;2021;43;3
2;CÉLINE;2000;43;4
2;CHARLÈNE;2000;43;3
2;CHARLIE;2020;43;4
2;CHARLINE;2001;43;4
2;CHARLINE;2011;43;4
2;CHARLOTTE;2000;43;5
2;CHARLOTTE;2003;43;3
2;CHARLOTTE;2007;43;3
2;CHARLOTTE;2009;43;5
2;CHARLOTTE;2011;43;3
2;CHARLOTTE;2012;43;3
2;CHARLOTTE;2015;43;3
2;CHARLOTTE;2016;43;5
2;CHLOE;2010;43;3
2;CHLOE;2011;43;4
2;CHLOE;2012;43;5
2;CHLOÉ;2000;43;10
2;CHLOÉ;2001;43;18
2;CHLOÉ;2002;43;7
2;CHLOÉ;2003;43;16
2;CHLOÉ;2004;43;10
2;CHLOÉ;2005;43;4
2;CHLOÉ;2006;43;11
2;CHLOÉ;2007;43;7
2;CHLOÉ;2008;43;13
2;CHLOÉ;2009;43;10
2;CHLOÉ;2010;43;3
2;CHLOÉ;2013;43;6
2;CHLOÉ;2014;43;6
2;CHLOÉ;2015;43;6
2;CHLOÉ;2016;43;6
2;CHLOÉ;2018;43;3
2;CHLOÉ;2019;43;5
2;CHLOÉ;2020;43;4
2;CINDY;2001;43;3
2;CLARA;2000;43;9
2;CLARA;2002;43;6
2;CLARA;2003;43;7
2;CLARA;2004;43;6
2;CLARA;2005;43;12
2;CLARA;2006;43;12
2;CLARA;2007;43;7
2;CLARA;2008;43;6
2;CLARA;2009;43;3
2;CLARA;2010;43;9
2;CLARA;2011;43;5
2;CLARA;2012;43;7
2;CLARA;2014;43;7
2;CLARA;2015;43;4
2;CLARA;2016;43;6
2;CLARA;2017;43;3
2;CLARA;2018;43;3
2;CLARISSE;2002;43;5
2;CLARISSE;2008;43;3
2;CLARISSE;2012;43;4
2;CLEA;2012;43;3
2;CLÉA;2006;43;3
2;CLÉA;2015;43;4
2;CLÉA;2019;43;3
2;CLEMENCE;2011;43;6
2;CLEMENCE;2012;43;8
2;CLÉMENCE;2001;43;3
2;CLÉMENCE;2002;43;5
2;CLÉMENCE;2005;43;3
2;CLÉMENCE;2006;43;4
2;CLÉMENCE;2007;43;5
2;CLÉMENCE;2009;43;7
2;CLÉMENCE;2010;43;3
2;CLÉMENCE;2013;43;3
2;CLÉMENCE;2014;43;5
2;CLÉMENCE;2015;43;4
2;CLÉMENCE;2016;43;6
2;CLÉMENCE;2020;43;3
2;CLÉMENCE;2021;43;3
2;CLÉMENTINE;2015;43;4
2;CLOE;2000;43;3
2;CLOE;2004;43;4
2;CLOE;2005;43;4
2;CLOE;2009;43;3
2;COLINE;2000;43;3
2;COLINE;2005;43;4
2;COLINE;2009;43;4
2;COLINE;2014;43;3
2;COLINE;2020;43;4
2;CONSTANCE;2007;43;4
2;CONSTANCE;2017;43;6
2;CONSTANCE;2018;43;3
2;CONSTANCE;2020;43;3
2;CONSTANCE;2021;43;3
2;CORALIE;2001;43;6
2;CORALIE;2003;43;4
2;CORALIE;2005;43;4
2;CYRIELLE;2004;43;4
2;DORINE;2000;43;3
2;ELEA;2009;43;3
2;ELENA;2020;43;3
2;ÉLÉNA;2018;43;3
2;ELEONORE;2011;43;3
2;ELÉONORE;2017;43;3
2;ÉLÉONORE;2019;43;3
2;ELIA;2013;43;3
2;ELIA;2014;43;3
2;ELIA;2015;43;3
2;ELINA;2015;43;4
2;ELINA;2019;43;4
2;ELINE;2008;43;3
2;ELINE;2011;43;5
2;ELINE;2012;43;3
2;ELISA;2000;43;4
2;ELISA;2001;43;5
2;ELISA;2002;43;3
2;ELISA;2004;43;4
2;ELISA;2005;43;6
2;ELISA;2008;43;5
2;ELISA;2011;43;6
2;ELISA;2012;43;6
2;ELISA;2013;43;4
2;ELISE;2000;43;7
2;ELISE;2001;43;3
2;ELISE;2004;43;3
2;ELISE;2005;43;5
2;ELISE;2012;43;3
2;ELISE;2014;43;3
2;ELISE;2015;43;7
2;ELISE;2016;43;4
2;ELISE;2018;43;3
2;ELODIE;2000;43;3
2;ELODIE;2002;43;4
2;ELODIE;2004;43;4
2;ELODIE;2011;43;3
2;ELOISE;2003;43;3
2;ELOISE;2004;43;4
2;ELOISE;2005;43;3
2;ELOISE;2006;43;3
2;ELOISE;2008;43;3
2;ELOISE;2010;43;7
2;ELOISE;2011;43;4
2;ELOISE;2012;43;3
2;ELOÏSE;2014;43;3
2;ELOÏSE;2015;43;3
2;ELOÏSE;2017;43;3
2;ELORA;2008;43;3
2;ELSA;2000;43;7
2;ELSA;2001;43;3
2;ELSA;2002;43;6
2;ELSA;2003;43;4
2;ELSA;2005;43;3
2;ELSA;2008;43;5
2;ELSA;2009;43;4
2;ELSA;2010;43;4
2;ELSA;2011;43;3
2;ELSA;2012;43;5
2;EMILIE;2000;43;6
2;EMILIE;2001;43;3
2;EMILIE;2002;43;5
2;EMILIE;2003;43;4
2;EMILIE;2004;43;7
2;EMILIE;2005;43;3
2;EMMA;2000;43;7
2;EMMA;2001;43;10
2;EMMA;2002;43;16
2;EMMA;2003;43;11
2;EMMA;2004;43;17
2;EMMA;2005;43;11
2;EMMA;2006;43;13
2;EMMA;2007;43;5
2;EMMA;2008;43;14
2;EMMA;2009;43;11
2;EMMA;2010;43;14
2;EMMA;2011;43;8
2;EMMA;2012;43;9
2;EMMA;2013;43;9
2;EMMA;2014;43;7
2;EMMA;2015;43;8
2;EMMA;2016;43;9
2;EMMA;2017;43;10
2;EMMA;2018;43;7
2;EMMA;2019;43;3
2;EMMA;2020;43;5
2;EMMA;2021;43;5
2;EMMY;2009;43;3
2;EMMY;2010;43;3
2;EMMY;2013;43;5
2;EMMY;2017;43;6
2;EMY;2008;43;4
2;EMY;2009;43;5
2;EMY;2010;43;3
2;EMY;2011;43;4
2;EMY;2012;43;3
2;EMY;2017;43;4
2;EMY;2018;43;5
2;EMY;2019;43;3
2;ENOLA;2012;43;4
2;ENORA;2012;43;3
2;ENORA;2013;43;3
2;ESTELLE;2008;43;3
2;EVA;2000;43;7
2;EVA;2001;43;6
2;EVA;2003;43;9
2;EVA;2004;43;5
2;EVA;2005;43;5
2;EVA;2006;43;6
2;EVA;2007;43;4
2;EVA;2008;43;4
2;EVA;2009;43;5
2;EVA;2010;43;7
2;EVA;2011;43;8
2;EVA;2012;43;3
2;EVA;2013;43;4
2;EVA;2014;43;6
2;EVANA;2017;43;3
2;FANNY;2000;43;5
2;FANNY;2002;43;3
2;FANNY;2003;43;5
2;FANNY;2004;43;3
2;FANNY;2005;43;4
2;FANNY;2006;43;3
2;FANNY;2009;43;3
2;FAUSTINE;2008;43;5
2;FAUSTINE;2010;43;5
2;FAUSTINE;2012;43;3
2;FAUSTINE;2013;43;4
2;FAUSTINE;2015;43;5
2;FAUSTINE;2019;43;4
2;FLAVIE;2002;43;5
2;FLAVIE;2003;43;5
2;FLAVIE;2004;43;7
2;FLAVIE;2005;43;4
2;FLAVIE;2007;43;5
2;FLAVIE;2008;43;3
2;FLAVIE;2009;43;3
2;FLAVIE;2012;43;4
2;FLAVIE;2013;43;3
2;FLAVIE;2015;43;4
2;FLORA;2006;43;4
2;FLORE;2005;43;3
2;GAELLE;2000;43;3
2;GIULIA;2020;43;4
2;GIULIA;2021;43;3
2;HELOISE;2011;43;3
2;ILONA;2005;43;3
2;INAYA;2010;43;3
2;INAYA;2013;43;4
2;INAYA;2015;43;3
2;INAYA;2016;43;4
2;INAYA;2020;43;4
2;INAYA;2021;43;3
2;INES;2010;43;4
2;INES;2011;43;5
2;INES;2012;43;4
2;INÈS;2000;43;3
2;INÈS;2001;43;5
2;INÈS;2003;43;4
2;INÈS;2004;43;5
2;INÈS;2005;43;4
2;INÈS;2006;43;8
2;INÈS;2007;43;5
2;INÈS;2008;43;4
2;INÈS;2009;43;8
2;INÈS;2013;43;3
2;INÈS;2014;43;9
2;INÈS;2015;43;4
2;INÈS;2016;43;3
2;INÈS;2017;43;4
2;INÈS;2018;43;6
2;INÈS;2021;43;3
2;IRIS;2018;43;3
2;IRIS;2020;43;4
2;IRIS;2021;43;3
2;JADE;2000;43;5
2;JADE;2001;43;4
2;JADE;2002;43;5
2;JADE;2003;43;7
2;JADE;2004;43;5
2;JADE;2005;43;8
2;JADE;2006;43;8
2;JADE;2007;43;5
2;JADE;2008;43;6
2;JADE;2009;43;5
2;JADE;2010;43;8
2;JADE;2011;43;6
2;JADE;2012;43;6
2;JADE;2013;43;7
2;JADE;2014;43;9
2;JADE;2015;43;5
2;JADE;2016;43;9
2;JADE;2017;43;8
2;JADE;2018;43;7
2;JADE;2019;43;4
2;JADE;2020;43;7
2;JADE;2021;43;5
2;JEANNE;2000;43;5
2;JEANNE;2001;43;9
2;JEANNE;2004;43;5
2;JEANNE;2006;43;4
2;JEANNE;2007;43;3
2;JEANNE;2008;43;7
2;JEANNE;2010;43;3
2;JEANNE;2011;43;6
2;JEANNE;2012;43;3
2;JEANNE;2017;43;4
2;JEANNE;2018;43;5
2;JEANNE;2019;43;5
2;JESSICA;2001;43;3
2;JESSICA;2002;43;5
2;JOY;2018;43;3
2;JOY;2019;43;3
2;JULIA;2001;43;3
2;JULIA;2004;43;4
2;JULIA;2006;43;3
2;JULIA;2009;43;8
2;JULIA;2010;43;3
2;JULIA;2013;43;3
2;JULIA;2014;43;7
2;JULIA;2015;43;6
2;JULIA;2017;43;4
2;JULIA;2018;43;8
2;JULIA;2019;43;10
2;JULIA;2020;43;6
2;JULIA;2021;43;11
2;JULIE;2000;43;8
2;JULIE;2001;43;13
2;JULIE;2002;43;6
2;JULIE;2003;43;5
2;JULIE;2004;43;6
2;JULIE;2005;43;8
2;JULIE;2006;43;6
2;JULIE;2007;43;3
2;JULIE;2008;43;6
2;JULIE;2009;43;6
2;JULIE;2011;43;6
2;JULIE;2012;43;6
2;JULIE;2013;43;4
2;JULIE;2014;43;3
2;JULIETTE;2002;43;4
2;JULIETTE;2003;43;5
2;JULIETTE;2004;43;5
2;JULIETTE;2005;43;7
2;JULIETTE;2006;43;9
2;JULIETTE;2007;43;6
2;JULIETTE;2009;43;6
2;JULIETTE;2010;43;4
2;JULIETTE;2011;43;4
2;JULIETTE;2013;43;5
2;JULIETTE;2014;43;4
2;JULIETTE;2015;43;5
2;JULIETTE;2016;43;8
2;JULIETTE;2018;43;7
2;JULIETTE;2020;43;4
2;JULIETTE;2021;43;5
2;JULINE;2015;43;3
2;JUSTINE;2000;43;11
2;JUSTINE;2001;43;3
2;JUSTINE;2002;43;9
2;JUSTINE;2003;43;10
2;JUSTINE;2004;43;4
2;JUSTINE;2005;43;6
2;JUSTINE;2006;43;7
2;JUSTINE;2009;43;4
2;JUSTINE;2010;43;3
2;JUSTINE;2012;43;3
2;JUSTINE;2013;43;3
2;JUSTINE;2015;43;3
2;KELLY;2003;43;3
2;LAETITIA;2000;43;4
2;LALIE;2011;43;3
2;LALIE;2013;43;4
2;LALY;2014;43;3
2;LANA;2004;43;4
2;LANA;2007;43;3
2;LANA;2009;43;3
2;LANA;2010;43;4
2;LANA;2011;43;7
2;LANA;2012;43;3
2;LANA;2013;43;5
2;LANA;2016;43;4
2;LANA;2017;43;3
2;LANA;2018;43;3
2;LANA;2019;43;3
2;LANA;2020;43;4
2;LARA;2009;43;3
2;LAURA;2000;43;10
2;LAURA;2001;43;8
2;LAURA;2002;43;5
2;LAURA;2003;43;6
2;LAURA;2004;43;6
2;LAURA;2005;43;3
2;LAURA;2006;43;6
2;LAURA;2007;43;5
2;LAURA;2008;43;6
2;LAURA;2009;43;3
2;LAURA;2010;43;8
2;LAURA;2011;43;5
2;LAURA;2012;43;4
2;LAURE;2000;43;3
2;LAURIE;2000;43;4
2;LAURIE;2001;43;4
2;LAURIE;2003;43;4
2;LAURINE;2000;43;4
2;LAURINE;2001;43;3
2;LAURINE;2002;43;3
2;LAURYNE;2009;43;3
2;LEA;2011;43;5
2;LEA;2012;43;5
2;LÉA;2000;43;20
2;LÉA;2001;43;20
2;LÉA;2002;43;10
2;LÉA;2003;43;17
2;LÉA;2004;43;10
2;LÉA;2005;43;11
2;LÉA;2006;43;14
2;LÉA;2007;43;11
2;LÉA;2008;43;12
2;LÉA;2009;43;7
2;LÉA;2010;43;4
2;LÉA;2013;43;8
2;LÉA;2014;43;8
2;LÉA;2015;43;6
2;LÉA;2016;43;6
2;LÉA;2017;43;7
2;LÉA;2018;43;8
2;LÉA;2019;43;7
2;LÉA;2020;43;6
2;LÉA;2021;43;4
2;LEANA;2011;43;4
2;LEANA;2012;43;6
2;LÉANA;2014;43;3
2;LÉANA;2020;43;3
2;LEANE;2012;43;3
2;LÉANE;2004;43;4
2;LÉANE;2005;43;4
2;LÉANE;2006;43;7
2;LÉANE;2008;43;4
2;LÉANE;2009;43;3
2;LÉANE;2015;43;3
2;LEILA;2005;43;3
2;LENA;2010;43;4
2;LENA;2011;43;12
2;LENA;2012;43;6
2;LÉNA;2001;43;3
2;LÉNA;2002;43;3
2;LÉNA;2003;43;4
2;LÉNA;2004;43;9
2;LÉNA;2005;43;5
2;LÉNA;2006;43;3
2;LÉNA;2007;43;6
2;LÉNA;2009;43;8
2;LÉNA;2013;43;6
2;LÉNA;2014;43;6
2;LÉNA;2016;43;8
2;LÉNA;2017;43;5
2;LÉNA;2018;43;8
2;LÉNA;2019;43;6
2;LÉNA;2020;43;6
2;LEONIE;2010;43;3
2;LÉONIE;2003;43;3
2;LÉONIE;2005;43;4
2;LÉONIE;2006;43;3
2;LÉONIE;2007;43;5
2;LÉONIE;2013;43;4
2;LÉONIE;2014;43;4
2;LÉONIE;2015;43;3
2;LÉONIE;2018;43;3
2;LÉONIE;2020;43;7
2;LILA;2012;43;3
2;LILI;2007;43;4
2;LILI;2008;43;3
2;LILOU;2004;43;5
2;LILOU;2005;43;6
2;LILOU;2006;43;5
2;LILOU;2007;43;3
2;LILOU;2008;43;4
2;LILOU;2009;43;10
2;LILOU;2010;43;6
2;LILOU;2011;43;9
2;LILOU;2012;43;4
2;LILOU;2013;43;6
2;LILOU;2014;43;4
2;LILOU;2015;43;5
2;LILOU;2016;43;6
2;LILOU;2020;43;3
2;LILY;2006;43;3
2;LILY;2007;43;5
2;LILY;2008;43;4
2;LILY;2009;43;3
2;LILY;2010;43;8
2;LILY;2013;43;4
2;LILY;2015;43;3
2;LINA;2003;43;3
2;LINA;2004;43;3
2;LINA;2006;43;4
2;LINA;2009;43;5
2;LINA;2010;43;4
2;LINA;2011;43;5
2;LINA;2012;43;6
2;LINA;2013;43;3
2;LINA;2014;43;5
2;LINA;2016;43;3
2;LINA;2018;43;4
2;LINA;2019;43;3
2;LINA;2021;43;3
2;LINDSAY;2009;43;3
2;LISA;2000;43;4
2;LISA;2001;43;11
2;LISA;2002;43;6
2;LISA;2003;43;9
2;LISA;2004;43;5
2;LISA;2005;43;6
2;LISA;2006;43;6
2;LISA;2007;43;7
2;LISA;2008;43;4
2;LISA;2009;43;5
2;LISA;2010;43;3
2;LISA;2012;43;3
2;LISA;2016;43;6
2;LISE;2002;43;3
2;LISE;2005;43;3
2;LISE;2006;43;3
2;LISE;2008;43;3
2;LISE;2012;43;7
2;LISE;2014;43;3
2;LISE;2018;43;3
2;LISON;2005;43;3
2;LISON;2007;43;3
2;LISON;2009;43;3
2;LISON;2010;43;3
2;LISON;2016;43;3
2;LISON;2018;43;3
2;LIVIA;2015;43;5
2;LOANE;2003;43;3
2;LOANE;2008;43;3
2;LOANE;2009;43;4
2;LOLA;2001;43;5
2;LOLA;2002;43;5
2;LOLA;2003;43;10
2;LOLA;2005;43;11
2;LOLA;2006;43;8
2;LOLA;2007;43;3
2;LOLA;2008;43;6
2;LOLA;2009;43;9
2;LOLA;2010;43;9
2;LOLA;2011;43;6
2;LOLA;2012;43;6
2;LOLA;2013;43;9
2;LOLA;2014;43;15
2;LOLA;2015;43;7
2;LOLA;2016;43;5
2;LOLA;2017;43;6
2;LOLA;2018;43;5
2;LOLA;2019;43;3
2;LOLA;2020;43;5
2;LOU;2000;43;4
2;LOU;2002;43;3
2;LOU;2003;43;4
2;LOU;2004;43;4
2;LOU;2005;43;4
2;LOU;2006;43;5
2;LOU;2007;43;8
2;LOU;2008;43;5
2;LOU;2009;43;5
2;LOU;2010;43;3
2;LOU;2011;43;6
2;LOU;2013;43;3
2;LOU;2014;43;5
2;LOU;2015;43;7
2;LOU;2016;43;6
2;LOU;2017;43;3
2;LOU;2018;43;6
2;LOU;2020;43;4
2;LOU;2021;43;5
2;LOU-ANNE;2007;43;3
2;LOU-ANNE;2008;43;4
2;LOUANE;2004;43;3
2;LOUANE;2005;43;4
2;LOUANE;2006;43;9
2;LOUANE;2007;43;3
2;LOUANE;2008;43;6
2;LOUANE;2009;43;4
2;LOUANE;2011;43;5
2;LOUANE;2012;43;5
2;LOUANE;2013;43;5
2;LOUANE;2015;43;9
2;LOUISE;2000;43;7
2;LOUISE;2001;43;6
2;LOUISE;2002;43;3
2;LOUISE;2003;43;4
2;LOUISE;2004;43;4
2;LOUISE;2005;43;3
2;LOUISE;2006;43;5
2;LOUISE;2007;43;4
2;LOUISE;2008;43;6
2;LOUISE;2009;43;7
2;LOUISE;2011;43;6
2;LOUISE;2012;43;3
2;LOUISE;2014;43;15
2;LOUISE;2015;43;7
2;LOUISE;2016;43;6
2;LOUISE;2017;43;10
2;LOUISE;2018;43;7
2;LOUISE;2019;43;10
2;LOUISE;2020;43;3
2;LOUISE;2021;43;4
2;LOUNA;2006;43;5
2;LOUNA;2007;43;5
2;LOUNA;2008;43;3
2;LOUNA;2009;43;12
2;LOUNA;2011;43;7
2;LOUNA;2012;43;6
2;LOUNA;2013;43;3
2;LOUNA;2014;43;10
2;LOUNA;2017;43;4
2;LOUNA;2018;43;4
2;LOUNA;2019;43;4
2;LOUNA;2021;43;3
2;LUCIE;2000;43;8
2;LUCIE;2001;43;7
2;LUCIE;2002;43;7
2;LUCIE;2003;43;9
2;LUCIE;2004;43;11
2;LUCIE;2005;43;10
2;LUCIE;2006;43;9
2;LUCIE;2007;43;8
2;LUCIE;2008;43;5
2;LUCIE;2009;43;3
2;LUCIE;2010;43;5
2;LUCIE;2011;43;4
2;LUCIE;2012;43;6
2;LUCIE;2016;43;3
2;LUCIE;2017;43;3
2;LUCIE;2019;43;5
2;LUCILE;2012;43;3
2;LUCILE;2019;43;3
2;LUNA;2007;43;4
2;LUNA;2008;43;3
2;LUNA;2009;43;5
2;LUNA;2011;43;4
2;LUNA;2018;43;5
2;LUNA;2019;43;4
2;LUNA;2021;43;3
2;LYA;2015;43;5
2;LYA;2018;43;3
2;LYA;2020;43;4
2;LYANA;2015;43;3
2;LYANA;2019;43;4
2;LYDIE;2006;43;3
2;LYLOU;2013;43;4
2;LYLOU;2014;43;3
2;LYLOU;2017;43;3
2;LYNA;2015;43;4
2;LYNA;2018;43;3
2;MADDY;2020;43;4
2;MADISON;2009;43;3
2;MAELLE;2000;43;5
2;MAELLE;2001;43;3
2;MAELLE;2002;43;4
2;MAELLE;2003;43;5
2;MAELLE;2005;43;3
2;MAELLE;2006;43;4
2;MAELLE;2007;43;3
2;MAELLE;2009;43;4
2;MAELLE;2010;43;4
2;MAELLE;2012;43;3
2;MAËLLE;2013;43;3
2;MAËLLE;2018;43;3
2;MAËLY;2014;43;3
2;MAELYS;2003;43;3
2;MAELYS;2004;43;4
2;MAELYS;2005;43;4
2;MAELYS;2006;43;7
2;MAELYS;2007;43;10
2;MAELYS;2008;43;6
2;MAELYS;2009;43;10
2;MAELYS;2010;43;6
2;MAELYS;2011;43;5
2;MAELYS;2012;43;7
2;MAËLYS;2013;43;6
2;MAËLYS;2014;43;5
2;MAËLYS;2016;43;6
2;MAËLYS;2017;43;3
2;MAELYSS;2007;43;3
2;MAEVA;2000;43;6
2;MAEVA;2001;43;6
2;MAEVA;2004;43;3
2;MAEVA;2005;43;8
2;MAEVA;2006;43;6
2;MAEVA;2008;43;7
2;MAEVA;2009;43;5
2;MAEVA;2010;43;3
2;MANON;2000;43;11
2;MANON;2001;43;16
2;MANON;2002;43;13
2;MANON;2003;43;11
2;MANON;2004;43;13
2;MANON;2005;43;10
2;MANON;2006;43;8
2;MANON;2007;43;10
2;MANON;2008;43;8
2;MANON;2009;43;14
2;MANON;2010;43;5
2;MANON;2011;43;12
2;MANON;2012;43;8
2;MANON;2013;43;8
2;MANON;2014;43;6
2;MANON;2015;43;8
2;MANON;2016;43;3
2;MANON;2017;43;5
2;MANON;2018;43;3
2;MARGAUX;2000;43;5
2;MARGAUX;2003;43;4
2;MARGAUX;2006;43;4
2;MARGAUX;2009;43;3
2;MARGAUX;2020;43;3
2;MARGOT;2000;43;3
2;MARGOT;2002;43;3
2;MARGOT;2004;43;3
2;MARGOT;2006;43;3
2;MARGOT;2007;43;3
2;MARGOT;2013;43;5
2;MARGOT;2015;43;3
2;MARGOT;2021;43;3
2;MARIE;2000;43;19
2;MARIE;2001;43;7
2;MARIE;2002;43;8
2;MARIE;2003;43;15
2;MARIE;2004;43;6
2;MARIE;2005;43;6
2;MARIE;2006;43;7
2;MARIE;2007;43;5
2;MARIE;2010;43;5
2;MARINA;2000;43;4
2;MARINE;2000;43;5
2;MARINE;2001;43;5
2;MARINE;2002;43;5
2;MARINE;2004;43;7
2;MARINE;2006;43;3
2;MARINE;2007;43;3
2;MARINE;2009;43;3
2;MARION;2000;43;5
2;MARION;2001;43;4
2;MARION;2002;43;3
2;MARION;2004;43;7
2;MARION;2006;43;3
2;MATHILDE;2000;43;16
2;MATHILDE;2001;43;6
2;MATHILDE;2002;43;4
2;MATHILDE;2003;43;8
2;MATHILDE;2004;43;4
2;MATHILDE;2006;43;3
2;MATHILDE;2007;43;4
2;MATHILDE;2011;43;4
2;MATHILDE;2014;43;4
2;MAYA;2012;43;3
2;MÉLANIE;2000;43;8
2;MÉLANIE;2001;43;4
2;MÉLANIE;2006;43;3
2;MÉLANIE;2007;43;5
2;MELINA;2011;43;3
2;MÉLINA;2001;43;3
2;MÉLINA;2003;43;4
2;MÉLINA;2007;43;3
2;MÉLINA;2009;43;3
2;MÉLINA;2014;43;4
2;MELINE;2005;43;3
2;MELINE;2007;43;3
2;MELINE;2008;43;4
2;MELINE;2011;43;4
2;MÉLINE;2013;43;4
2;MÉLINE;2015;43;6
2;MÉLINE;2016;43;5
2;MÉLINE;2017;43;4
2;MELISSA;2010;43;3
2;MELISSA;2012;43;3
2;MÉLISSA;2000;43;4
2;MÉLISSA;2002;43;3
2;MÉLISSA;2008;43;3
2;MÉLISSA;2009;43;6
2;MIA;2013;43;3
2;MIA;2015;43;3
2;MIA;2016;43;3
2;MIA;2017;43;4
2;MIA;2018;43;5
2;MIA;2019;43;3
2;MIA;2020;43;3
2;MIA;2021;43;3
2;MILA;2013;43;3
2;MILA;2015;43;7
2;MILA;2016;43;4
2;MILA;2017;43;5
2;MILA;2018;43;3
2;MILA;2020;43;11
2;MILA;2021;43;7
2;MORGANE;2000;43;4
2;MORGANE;2001;43;6
2;MORGANE;2002;43;3
2;MORGANE;2004;43;5
2;MORGANE;2006;43;5
2;MORGANE;2008;43;4
2;MORGANE;2010;43;3
2;MORGANE;2012;43;4
2;MYA;2018;43;5
2;MYA;2020;43;3
2;NAËLLE;2017;43;4
2;NAIS;2007;43;3
2;NAIS;2008;43;3
2;NAWEL;2003;43;3
2;NINA;2000;43;3
2;NINA;2005;43;3
2;NINA;2007;43;4
2;NINA;2009;43;6
2;NINA;2010;43;4
2;NINA;2011;43;9
2;NINA;2013;43;4
2;NINA;2014;43;3
2;NINA;2018;43;5
2;NINA;2021;43;6
2;NINON;2003;43;4
2;NINON;2008;43;3
2;NINON;2012;43;3
2;NOA;2005;43;3
2;NOELIE;2005;43;3
2;NOELIE;2008;43;3
2;NOELIE;2012;43;3
2;NOÉLIE;2015;43;4
2;NOEMIE;2001;43;5
2;NOEMIE;2002;43;6
2;NOEMIE;2003;43;4
2;NOEMIE;2005;43;5
2;NOEMIE;2006;43;5
2;NOEMIE;2009;43;3
2;NOEMIE;2010;43;4
2;NOÉMIE;2013;43;3
2;NOÉMIE;2014;43;6
2;NOÉMIE;2018;43;5
2;NORA;2008;43;3
2;NORA;2014;43;3
2;NORAH;2017;43;3
2;OCEANE;2011;43;5
2;OCEANE;2012;43;3
2;OCÉANE;2000;43;14
2;OCÉANE;2001;43;5
2;OCÉANE;2002;43;7
2;OCÉANE;2003;43;4
2;OCÉANE;2004;43;8
2;OCÉANE;2005;43;4
2;OCÉANE;2006;43;10
2;OCÉANE;2007;43;5
2;OCÉANE;2008;43;6
2;OCÉANE;2009;43;3
2;OCÉANE;2013;43;4
2;OCÉANE;2015;43;3
2;OCÉANE;2018;43;3
2;OLIVIA;2016;43;3
2;OLIVIA;2017;43;5
2;ORIANE;2002;43;4
2;ORLANE;2008;43;4
2;PAULINE;2000;43;4
2;PAULINE;2001;43;6
2;PAULINE;2002;43;8
2;PAULINE;2003;43;9
2;PAULINE;2004;43;6
2;PAULINE;2007;43;3
2;PAULINE;2014;43;3
2;PAULINE;2021;43;3
2;PERRINE;2005;43;4
2;ROMANE;2000;43;3
2;ROMANE;2001;43;4
2;ROMANE;2002;43;7
2;ROMANE;2003;43;4
2;ROMANE;2004;43;7
2;ROMANE;2005;43;8
2;ROMANE;2006;43;8
2;ROMANE;2007;43;9
2;ROMANE;2008;43;7
2;ROMANE;2009;43;7
2;ROMANE;2010;43;7
2;ROMANE;2011;43;13
2;ROMANE;2012;43;5
2;ROMANE;2013;43;5
2;ROMANE;2014;43;8
2;ROMANE;2015;43;6
2;ROMANE;2016;43;6
2;ROMANE;2017;43;4
2;ROMANE;2019;43;4
2;ROMY;2018;43;3
2;ROMY;2019;43;3
2;ROMY;2020;43;3
2;ROSE;2008;43;3
2;ROSE;2009;43;3
2;ROSE;2011;43;3
2;ROSE;2014;43;6
2;ROSE;2015;43;3
2;ROSE;2016;43;6
2;ROSE;2019;43;5
2;ROSE;2021;43;4
2;ROXANE;2010;43;3
2;SALOMÉ;2000;43;5
2;SALOMÉ;2006;43;5
2;SALOMÉ;2009;43;4
2;SAMIA;2004;43;3
2;SARA;2008;43;4
2;SARA;2018;43;3
2;SARAH;2000;43;10
2;SARAH;2001;43;9
2;SARAH;2002;43;9
2;SARAH;2003;43;6
2;SARAH;2004;43;6
2;SARAH;2005;43;7
2;SARAH;2006;43;11
2;SARAH;2007;43;8
2;SARAH;2008;43;4
2;SARAH;2009;43;8
2;SARAH;2010;43;7
2;SARAH;2011;43;5
2;SARAH;2012;43;6
2;SARAH;2014;43;5
2;SARAH;2015;43;3
2;SARAH;2016;43;4
2;SARAH;2017;43;3
2;SARAH;2020;43;4
2;SELENA;2009;43;3
2;SÉLÉNA;2015;43;3
2;SOFIA;2011;43;3
2;SOFIA;2019;43;3
2;SOFIA;2021;43;3
2;SOLÈNE;2000;43;5
2;SOLÈNE;2001;43;3
2;SOLÈNE;2004;43;4
2;SOLÈNE;2005;43;4
2;SOLINE;2012;43;3
2;SOLINE;2013;43;3
2;SOLINE;2014;43;3
2;SOLINE;2015;43;3
2;SOLINE;2017;43;4
2;SOLINE;2020;43;3
2;SONIA;2000;43;3
2;SOPHIE;2000;43;5
2;SOPHIE;2013;43;3
2;STELLA;2004;43;3
2;STELLA;2007;43;3
2;TESS;2018;43;3
2;TESSA;2003;43;4
2;TESSA;2020;43;4
2;THAIS;2006;43;5
2;THAIS;2008;43;3
2;THAIS;2009;43;3
2;THAIS;2010;43;3
2;THAIS;2011;43;4
2;THAIS;2012;43;5
2;THAÏS;2013;43;4
2;THAÏS;2015;43;3
2;THAÏS;2017;43;3
2;THAÏS;2018;43;4
2;THAÏS;2021;43;3
2;THÉA;2016;43;3
2;TIFFANY;2003;43;3
2;TIPHAINE;2002;43;3
2;TIPHAINE;2004;43;4
2;VALENTINE;2008;43;3
2;VALENTINE;2012;43;3
2;VALENTINE;2014;43;3
2;VALENTINE;2018;43;3
2;VALENTINE;2020;43;4
2;VICTOIRE;2017;43;4
2;VICTOIRE;2021;43;4
2;VICTORIA;2021;43;4
2;VIRGINIE;2002;43;4
2;YSIA;2016;43;3
2;ZELIE;2010;43;4
2;ZÉLIE;2017;43;4
2;ZOE;2011;43;5
2;ZOE;2012;43;3
2;ZOÉ;2001;43;3
2;ZOÉ;2003;43;4
2;ZOÉ;2005;43;7
2;ZOÉ;2006;43;3
2;ZOÉ;2008;43;7
2;ZOÉ;2010;43;3
2;ZOÉ;2013;43;6
2;ZOÉ;2014;43;5
2;ZOÉ;2020;43;4
2;ZOÉ;2021;43;5
